id;address;address_2;city;state;zip;country
1;models CFP Franc Human;Quality;Cartershire;Rubber Kansas synthesizing;navigating Solutions;South Africa
2;withdrawal;Architect South Dakota JSON;Hermannport;Pants Mandatory Berkshire;Buckinghamshire;Falkland Islands (Malvinas)
3;Savings Account;override Chair Credit Card Account;Port Melvinville;Chile;Tuna index;Suriname
4;Ports Designer;South Georgia and the South Sandwich Islands;Manuelaburgh;Incredible capacitor Grove;hacking;Ecuador
5;Timor-Leste;grow override Personal Loan Account;Moshetown;Home Quality-focused;synthesizing;Turkmenistan
6;ubiquitous initiative Soap;Auto Loan Account program Shoes;Strackehaven;Shirt;systemic alarm;Cyprus
7;Neck Bacon withdrawal;bus;Cynthiaside;optical;Awesome Fresh Chips invoice Accounts;Myanmar
8;Gorgeous;generating parse;South Jolie;Awesome clicks-and-mortar;Identity input payment;Pitcairn Islands
9;microchip calculate Money Market Account;Tasty Garden Identity;North Wilson;Costa Rican Colon benchmark;Rubber Principal;New Caledonia
10;Dynamic calculating;Advanced;Kaneland;Pizza;Grass-roots compelling;Guatemala
