id;ref;description
1;Officer;generate Rwanda Franc
2;rich bypass;Wooden copy 24/7
3;Awesome Steel Mouse Rubber;transmitting Identity
4;Steel;Technician Sleek Refined Cotton Gloves
5;paradigm backing up;eyeballs South Carolina
6;Granite Utah Fantastic;Fantastic Soft Towels disintermediate Fantastic
7;Valleys Facilitator Handcrafted;Shoes Adaptive Ramp
8;Rubber digital Steel;Tasty Connecticut
9;index withdrawal connecting;navigating Borders
10;Grocery withdrawal;Cambridgeshire ubiquitous system engine
